{
    "smithy": "1.0",
    "metadata": {
        "suppressions": [
            {
                "id": "HttpMethodSemantics",
                "namespace": "*"
            },
            {
                "id": "HttpResponseCodeSemantics",
                "namespace": "*"
            },
            {
                "id": "PaginatedTrait",
                "namespace": "*"
            },
            {
                "id": "HttpHeaderTrait",
                "namespace": "*"
            },
            {
                "id": "HttpUriConflict",
                "namespace": "*"
            },
            {
                "id": "Service",
                "namespace": "*"
            }
        ]
    },
    "shapes": {
        "com.amazonaws.marketplacemetering#AWSMPMeteringService": {
            "type": "service",
            "traits": {
                "aws.api#service": {
                    "sdkId": "Marketplace Metering",
                    "arnNamespace": "aws-marketplace",
                    "cloudFormationName": "MarketplaceMetering",
                    "cloudTrailEventSource": "marketplacemetering.amazonaws.com",
                    "endpointPrefix": "metering.marketplace"
                },
                "aws.auth#sigv4": {
                    "name": "aws-marketplace"
                },
                "aws.protocols#awsJson1_1": {},
                "smithy.api#documentation": "<fullname>AWS Marketplace Metering Service</fullname>\n        <p>This reference provides descriptions of the low-level AWS Marketplace Metering Service\n            API.</p>\n        <p>AWS Marketplace sellers can use this API to submit usage data for custom usage\n            dimensions.</p>\n        <p>For information on the permissions you need to use this API, see <a href=\"https://docs.aws.amazon.com/marketplace/latest/userguide/iam-user-policy-for-aws-marketplace-actions.html\">AWS Marketplace metering and entitlement API permissions</a> in the\n                <i>AWS Marketplace Seller Guide.</i>\n        </p>\n        <p>\n            <b>Submitting Metering Records</b>\n        </p>\n        <ul>\n            <li>\n                <p>\n                    <i>MeterUsage</i> - Submits the metering record for an AWS\n                    Marketplace product. <code>MeterUsage</code> is called from an EC2 instance or a\n                    container running on EKS or ECS.</p>\n            </li>\n            <li>\n                <p>\n                    <i>BatchMeterUsage</i> - Submits the metering record for a set of\n                    customers. <code>BatchMeterUsage</code> is called from a software-as-a-service\n                    (SaaS) application.</p>\n            </li>\n         </ul>\n        <p>\n            <b>Accepting New Customers</b>\n        </p>\n        <ul>\n            <li>\n                <p>\n                    <i>ResolveCustomer</i> - Called by a SaaS application during the\n                    registration process. When a buyer visits your website during the registration\n                    process, the buyer submits a Registration Token through the browser. The\n                    Registration Token is resolved through this API to obtain a\n                        <code>CustomerIdentifier</code>\n                    \n                    along with the <code>CustomerAWSAccountId</code> and\n                    <code>ProductCode</code>.</p>\n            </li>\n         </ul>\n        <p>\n            <b>Entitlement and Metering for Paid Container Products</b>\n        </p>\n        <ul>\n            <li>\n                <p>Paid container software products sold through AWS Marketplace must integrate\n                    with the AWS Marketplace Metering Service and call the\n                        <code>RegisterUsage</code> operation for software entitlement and metering.\n                    Free and BYOL products for Amazon ECS or Amazon EKS aren't required to call\n                        <code>RegisterUsage</code>, but you can do so if you want to receive usage\n                    data in your seller reports. For more information on using the\n                        <code>RegisterUsage</code> operation, see <a href=\"https://docs.aws.amazon.com/marketplace/latest/userguide/container-based-products.html\">Container-Based Products</a>. </p>\n            </li>\n         </ul>\n        <p>\n            <code>BatchMeterUsage</code> API calls are captured by AWS CloudTrail. You can use\n            Cloudtrail to verify that the SaaS metering records that you sent are accurate by\n            searching for records with the <code>eventName</code> of <code>BatchMeterUsage</code>.\n            You can also use CloudTrail to audit records over time. For more information, see the\n                    <i>\n               <a href=\"http://docs.aws.amazon.com/awscloudtrail/latest/userguide/cloudtrail-concepts.html\">AWS CloudTrail User Guide</a>.</i>\n         </p>",
                "smithy.api#title": "AWSMarketplace Metering"
            },
            "version": "2016-01-14",
            "operations": [
                {
                    "target": "com.amazonaws.marketplacemetering#BatchMeterUsage"
                },
                {
                    "target": "com.amazonaws.marketplacemetering#MeterUsage"
                },
                {
                    "target": "com.amazonaws.marketplacemetering#RegisterUsage"
                },
                {
                    "target": "com.amazonaws.marketplacemetering#ResolveCustomer"
                }
            ]
        },
        "com.amazonaws.marketplacemetering#AllocatedUsageQuantity": {
            "type": "integer",
            "traits": {
                "smithy.api#box": {},
                "smithy.api#range": {
                    "min": 0,
                    "max": 2147483647
                }
            }
        },
        "com.amazonaws.marketplacemetering#BatchMeterUsage": {
            "type": "operation",
            "input": {
                "target": "com.amazonaws.marketplacemetering#BatchMeterUsageRequest"
            },
            "output": {
                "target": "com.amazonaws.marketplacemetering#BatchMeterUsageResult"
            },
            "errors": [
                {
                    "target": "com.amazonaws.marketplacemetering#DisabledApiException"
                },
                {
                    "target": "com.amazonaws.marketplacemetering#InternalServiceErrorException"
                },
                {
                    "target": "com.amazonaws.marketplacemetering#InvalidCustomerIdentifierException"
                },
                {
                    "target": "com.amazonaws.marketplacemetering#InvalidProductCodeException"
                },
                {
                    "target": "com.amazonaws.marketplacemetering#InvalidTagException"
                },
                {
                    "target": "com.amazonaws.marketplacemetering#InvalidUsageAllocationsException"
                },
                {
                    "target": "com.amazonaws.marketplacemetering#InvalidUsageDimensionException"
                },
                {
                    "target": "com.amazonaws.marketplacemetering#ThrottlingException"
                },
                {
                    "target": "com.amazonaws.marketplacemetering#TimestampOutOfBoundsException"
                }
            ],
            "traits": {
                "smithy.api#documentation": "<p>\n            <code>BatchMeterUsage</code> is called from a SaaS application listed on AWS\n            Marketplace to post metering records for a set of customers.</p>\n        <p>For identical requests, the API is idempotent; requests can be retried with the same\n            records or a subset of the input records.</p>\n        <p>Every request to <code>BatchMeterUsage</code> is for one product. If you need to meter\n            usage for multiple products, you must make multiple calls to\n                <code>BatchMeterUsage</code>.</p>\n        <p>Usage records are expected to be submitted as quickly as possible after the event that\n            is being recorded, and are not accepted more than 6 hours after the event.</p>\n        <p>\n            <code>BatchMeterUsage</code> can process up to 25 <code>UsageRecords</code> at a\n            time.</p>\n        <p>A <code>UsageRecord</code> can optionally include multiple usage allocations, to\n            provide customers with usage data split into buckets by tags that you define (or allow\n            the customer to define).</p>\n        <p>\n            <code>BatchMeterUsage</code> returns a list of <code>UsageRecordResult</code> objects,\n            showing the result for each <code>UsageRecord</code>, as well as a list of\n                <code>UnprocessedRecords</code>, indicating errors in the service side that you\n            should retry.</p>\n        <p>\n            <code>BatchMeterUsage</code> requests must be less than 1MB in size.</p>\n        <note>\n            <p>For an example of using <code>BatchMeterUsage</code>, see <a href=\"https://docs.aws.amazon.com/marketplace/latest/userguide/saas-code-examples.html#saas-batchmeterusage-example\"> BatchMeterUsage code example</a> in the <i>AWS Marketplace Seller\n                    Guide</i>.</p>\n        </note>"
            }
        },
        "com.amazonaws.marketplacemetering#BatchMeterUsageRequest": {
            "type": "structure",
            "members": {
                "UsageRecords": {
                    "target": "com.amazonaws.marketplacemetering#UsageRecordList",
                    "traits": {
                        "smithy.api#documentation": "<p>The set of <code>UsageRecords</code> to submit. <code>BatchMeterUsage</code> accepts\n            up to 25 <code>UsageRecords</code> at a time.</p>",
                        "smithy.api#required": {}
                    }
                },
                "ProductCode": {
                    "target": "com.amazonaws.marketplacemetering#ProductCode",
                    "traits": {
                        "smithy.api#documentation": "<p>Product code is used to uniquely identify a product in AWS Marketplace. The product\n            code should be the same as the one used during the publishing of a new product.</p>",
                        "smithy.api#required": {}
                    }
                }
            },
            "traits": {
                "smithy.api#documentation": "<p>A <code>BatchMeterUsageRequest</code> contains <code>UsageRecords</code>, which\n            indicate quantities of usage within your application.</p>"
            }
        },
        "com.amazonaws.marketplacemetering#BatchMeterUsageResult": {
            "type": "structure",
            "members": {
                "Results": {
                    "target": "com.amazonaws.marketplacemetering#UsageRecordResultList",
                    "traits": {
                        "smithy.api#documentation": "<p>Contains all <code>UsageRecords</code> processed by <code>BatchMeterUsage</code>.\n            These records were either honored by AWS Marketplace Metering Service or were invalid.\n            Invalid records should be fixed before being resubmitted.</p>"
                    }
                },
                "UnprocessedRecords": {
                    "target": "com.amazonaws.marketplacemetering#UsageRecordList",
                    "traits": {
                        "smithy.api#documentation": "<p>Contains all <code>UsageRecords</code> that were not processed by\n                <code>BatchMeterUsage</code>. This is a list of <code>UsageRecords</code>. You can\n            retry the failed request by making another <code>BatchMeterUsage</code> call with this\n            list as input in the <code>BatchMeterUsageRequest</code>.</p>"
                    }
                }
            },
            "traits": {
                "smithy.api#documentation": "<p>Contains the <code>UsageRecords</code> processed by <code>BatchMeterUsage</code> and\n            any records that have failed due to transient error.</p>"
            }
        },
        "com.amazonaws.marketplacemetering#Boolean": {
            "type": "boolean",
            "traits": {
                "smithy.api#box": {}
            }
        },
        "com.amazonaws.marketplacemetering#CustomerAWSAccountId": {
            "type": "string",
            "traits": {
                "smithy.api#length": {
                    "min": 1,
                    "max": 255
                },
                "smithy.api#pattern": "^[0-9]+$"
            }
        },
        "com.amazonaws.marketplacemetering#CustomerIdentifier": {
            "type": "string",
            "traits": {
                "smithy.api#length": {
                    "min": 1,
                    "max": 255
                },
                "smithy.api#pattern": "^[\\s\\S]+$"
            }
        },
        "com.amazonaws.marketplacemetering#CustomerNotEntitledException": {
            "type": "structure",
            "members": {
                "message": {
                    "target": "com.amazonaws.marketplacemetering#errorMessage"
                }
            },
            "traits": {
                "smithy.api#documentation": "<p>Exception thrown when the customer does not have a valid subscription for the\n            product.</p>",
                "smithy.api#error": "client"
            }
        },
        "com.amazonaws.marketplacemetering#DisabledApiException": {
            "type": "structure",
            "members": {
                "message": {
                    "target": "com.amazonaws.marketplacemetering#errorMessage"
                }
            },
            "traits": {
                "smithy.api#documentation": "<p>The API is disabled in the Region.</p>",
                "smithy.api#error": "client"
            }
        },
        "com.amazonaws.marketplacemetering#DuplicateRequestException": {
            "type": "structure",
            "members": {
                "message": {
                    "target": "com.amazonaws.marketplacemetering#errorMessage"
                }
            },
            "traits": {
                "smithy.api#documentation": "<p>A metering record has already been emitted by the same EC2 instance, ECS task, or EKS\n            pod for the given {<code>usageDimension</code>, <code>timestamp</code>} with a different\n                <code>usageQuantity</code>.</p>",
                "smithy.api#error": "client"
            }
        },
        "com.amazonaws.marketplacemetering#ExpiredTokenException": {
            "type": "structure",
            "members": {
                "message": {
                    "target": "com.amazonaws.marketplacemetering#errorMessage"
                }
            },
            "traits": {
                "smithy.api#documentation": "<p>The submitted registration token has expired. This can happen if the buyer's browser\n            takes too long to redirect to your page, the buyer has resubmitted the registration\n            token, or your application has held on to the registration token for too long. Your SaaS\n            registration website should redeem this token as soon as it is submitted by the buyer's\n            browser.</p>",
                "smithy.api#error": "client"
            }
        },
        "com.amazonaws.marketplacemetering#InternalServiceErrorException": {
            "type": "structure",
            "members": {
                "message": {
                    "target": "com.amazonaws.marketplacemetering#errorMessage"
                }
            },
            "traits": {
                "smithy.api#documentation": "<p>An internal error has occurred. Retry your request. If the problem persists, post a\n            message with details on the AWS forums.</p>",
                "smithy.api#error": "server"
            }
        },
        "com.amazonaws.marketplacemetering#InvalidCustomerIdentifierException": {
            "type": "structure",
            "members": {
                "message": {
                    "target": "com.amazonaws.marketplacemetering#errorMessage"
                }
            },
            "traits": {
                "smithy.api#documentation": "<p>You have metered usage for a <code>CustomerIdentifier</code> that does not\n            exist.</p>",
                "smithy.api#error": "client"
            }
        },
        "com.amazonaws.marketplacemetering#InvalidEndpointRegionException": {
            "type": "structure",
            "members": {
                "message": {
                    "target": "com.amazonaws.marketplacemetering#errorMessage"
                }
            },
            "traits": {
                "smithy.api#documentation": "<p>The endpoint being called is in a AWS Region different from your EC2 instance, ECS\n            task, or EKS pod. The Region of the Metering Service endpoint and the AWS Region of the\n            resource must match.</p>",
                "smithy.api#error": "client"
            }
        },
        "com.amazonaws.marketplacemetering#InvalidProductCodeException": {
            "type": "structure",
            "members": {
                "message": {
                    "target": "com.amazonaws.marketplacemetering#errorMessage"
                }
            },
            "traits": {
                "smithy.api#documentation": "<p>The product code passed does not match the product code used for publishing the\n            product.</p>",
                "smithy.api#error": "client"
            }
        },
        "com.amazonaws.marketplacemetering#InvalidPublicKeyVersionException": {
            "type": "structure",
            "members": {
                "message": {
                    "target": "com.amazonaws.marketplacemetering#errorMessage"
                }
            },
            "traits": {
                "smithy.api#documentation": "<p>Public Key version is invalid.</p>",
                "smithy.api#error": "client"
            }
        },
        "com.amazonaws.marketplacemetering#InvalidRegionException": {
            "type": "structure",
            "members": {
                "message": {
                    "target": "com.amazonaws.marketplacemetering#errorMessage"
                }
            },
            "traits": {
                "smithy.api#documentation": "<p>\n            <code>RegisterUsage</code> must be called in the same AWS Region the ECS task was\n            launched in. This prevents a container from hardcoding a Region (e.g.\n            withRegion(“us-east-1”) when calling <code>RegisterUsage</code>.</p>",
                "smithy.api#error": "client"
            }
        },
        "com.amazonaws.marketplacemetering#InvalidTagException": {
            "type": "structure",
            "members": {
                "message": {
                    "target": "com.amazonaws.marketplacemetering#errorMessage"
                }
            },
            "traits": {
                "smithy.api#documentation": "<p>The tag is invalid, or the number of tags is greater than 5.</p>",
                "smithy.api#error": "client"
            }
        },
        "com.amazonaws.marketplacemetering#InvalidTokenException": {
            "type": "structure",
            "members": {
                "message": {
                    "target": "com.amazonaws.marketplacemetering#errorMessage"
                }
            },
            "traits": {
                "smithy.api#documentation": "<p>Registration token is invalid.</p>",
                "smithy.api#error": "client"
            }
        },
        "com.amazonaws.marketplacemetering#InvalidUsageAllocationsException": {
            "type": "structure",
            "members": {
                "message": {
                    "target": "com.amazonaws.marketplacemetering#errorMessage"
                }
            },
            "traits": {
                "smithy.api#documentation": "<p>The usage allocation objects are invalid, or the number of allocations is greater than\n            500 for a single usage record.</p>",
                "smithy.api#error": "client"
            }
        },
        "com.amazonaws.marketplacemetering#InvalidUsageDimensionException": {
            "type": "structure",
            "members": {
                "message": {
                    "target": "com.amazonaws.marketplacemetering#errorMessage"
                }
            },
            "traits": {
                "smithy.api#documentation": "<p>The usage dimension does not match one of the <code>UsageDimensions</code> associated\n            with products.</p>",
                "smithy.api#error": "client"
            }
        },
        "com.amazonaws.marketplacemetering#MeterUsage": {
            "type": "operation",
            "input": {
                "target": "com.amazonaws.marketplacemetering#MeterUsageRequest"
            },
            "output": {
                "target": "com.amazonaws.marketplacemetering#MeterUsageResult"
            },
            "errors": [
                {
                    "target": "com.amazonaws.marketplacemetering#CustomerNotEntitledException"
                },
                {
                    "target": "com.amazonaws.marketplacemetering#DuplicateRequestException"
                },
                {
                    "target": "com.amazonaws.marketplacemetering#InternalServiceErrorException"
                },
                {
                    "target": "com.amazonaws.marketplacemetering#InvalidEndpointRegionException"
                },
                {
                    "target": "com.amazonaws.marketplacemetering#InvalidProductCodeException"
                },
                {
                    "target": "com.amazonaws.marketplacemetering#InvalidTagException"
                },
                {
                    "target": "com.amazonaws.marketplacemetering#InvalidUsageAllocationsException"
                },
                {
                    "target": "com.amazonaws.marketplacemetering#InvalidUsageDimensionException"
                },
                {
                    "target": "com.amazonaws.marketplacemetering#ThrottlingException"
                },
                {
                    "target": "com.amazonaws.marketplacemetering#TimestampOutOfBoundsException"
                }
            ],
            "traits": {
                "smithy.api#documentation": "<p>API to emit metering records. For identical requests, the API is idempotent. It simply\n            returns the metering record ID.</p>\n        <p>\n            <code>MeterUsage</code> is authenticated on the buyer's AWS account using credentials\n            from the EC2 instance, ECS task, or EKS pod.</p>\n        <p>\n            <code>MeterUsage</code> can optionally include multiple usage allocations, to provide\n            customers with usage data split into buckets by tags that you define (or allow the\n            customer to define).</p>\n        <p>Usage records are expected to be submitted as quickly as possible after the event that\n            is being recorded, and are not accepted more than 6 hours after the event.</p>"
            }
        },
        "com.amazonaws.marketplacemetering#MeterUsageRequest": {
            "type": "structure",
            "members": {
                "ProductCode": {
                    "target": "com.amazonaws.marketplacemetering#ProductCode",
                    "traits": {
                        "smithy.api#documentation": "<p>Product code is used to uniquely identify a product in AWS Marketplace. The product\n            code should be the same as the one used during the publishing of a new product.</p>",
                        "smithy.api#required": {}
                    }
                },
                "Timestamp": {
                    "target": "com.amazonaws.marketplacemetering#Timestamp",
                    "traits": {
                        "smithy.api#documentation": "<p>Timestamp, in UTC, for which the usage is being reported. Your application can meter\n            usage for up to one hour in the past. Make sure the <code>timestamp</code> value is not\n            before the start of the software usage.</p>",
                        "smithy.api#required": {}
                    }
                },
                "UsageDimension": {
                    "target": "com.amazonaws.marketplacemetering#UsageDimension",
                    "traits": {
                        "smithy.api#documentation": "<p>It will be one of the fcp dimension name provided during the publishing of the\n            product.</p>",
                        "smithy.api#required": {}
                    }
                },
                "UsageQuantity": {
                    "target": "com.amazonaws.marketplacemetering#UsageQuantity",
                    "traits": {
                        "smithy.api#documentation": "<p>Consumption value for the hour. Defaults to <code>0</code> if not specified.</p>"
                    }
                },
                "DryRun": {
                    "target": "com.amazonaws.marketplacemetering#Boolean",
                    "traits": {
                        "smithy.api#documentation": "<p>Checks whether you have the permissions required for the action, but does not make the\n            request. If you have the permissions, the request returns <code>DryRunOperation</code>;\n            otherwise, it returns <code>UnauthorizedException</code>. Defaults to <code>false</code>\n            if not specified.</p>"
                    }
                },
                "UsageAllocations": {
                    "target": "com.amazonaws.marketplacemetering#UsageAllocations",
                    "traits": {
                        "smithy.api#documentation": "<p>The set of <code>UsageAllocations</code> to submit.</p>\n        <p>The sum of all <code>UsageAllocation</code> quantities must equal the\n                <code>UsageQuantity</code> of the <code>MeterUsage</code> request, and each\n                <code>UsageAllocation</code> must have a unique set of tags (include no\n            tags).</p>"
                    }
                }
            }
        },
        "com.amazonaws.marketplacemetering#MeterUsageResult": {
            "type": "structure",
            "members": {
                "MeteringRecordId": {
                    "target": "com.amazonaws.marketplacemetering#String",
                    "traits": {
                        "smithy.api#documentation": "<p>Metering record id.</p>"
                    }
                }
            }
        },
        "com.amazonaws.marketplacemetering#NonEmptyString": {
            "type": "string",
            "traits": {
                "smithy.api#pattern": "^[\\s\\S]+$"
            }
        },
        "com.amazonaws.marketplacemetering#Nonce": {
            "type": "string",
            "traits": {
                "smithy.api#length": {
                    "min": 0,
                    "max": 255
                },
                "smithy.api#pattern": "^[\\s\\S]*$"
            }
        },
        "com.amazonaws.marketplacemetering#PlatformNotSupportedException": {
            "type": "structure",
            "members": {
                "message": {
                    "target": "com.amazonaws.marketplacemetering#errorMessage"
                }
            },
            "traits": {
                "smithy.api#documentation": "<p>AWS Marketplace does not support metering usage from the underlying platform.\n            Currently, Amazon ECS, Amazon EKS, and AWS Fargate are supported.</p>",
                "smithy.api#error": "client"
            }
        },
        "com.amazonaws.marketplacemetering#ProductCode": {
            "type": "string",
            "traits": {
                "smithy.api#length": {
                    "min": 1,
                    "max": 255
                },
                "smithy.api#pattern": "^[-a-zA-Z0-9/=:_.@]*$"
            }
        },
        "com.amazonaws.marketplacemetering#RegisterUsage": {
            "type": "operation",
            "input": {
                "target": "com.amazonaws.marketplacemetering#RegisterUsageRequest"
            },
            "output": {
                "target": "com.amazonaws.marketplacemetering#RegisterUsageResult"
            },
            "errors": [
                {
                    "target": "com.amazonaws.marketplacemetering#CustomerNotEntitledException"
                },
                {
                    "target": "com.amazonaws.marketplacemetering#DisabledApiException"
                },
                {
                    "target": "com.amazonaws.marketplacemetering#InternalServiceErrorException"
                },
                {
                    "target": "com.amazonaws.marketplacemetering#InvalidProductCodeException"
                },
                {
                    "target": "com.amazonaws.marketplacemetering#InvalidPublicKeyVersionException"
                },
                {
                    "target": "com.amazonaws.marketplacemetering#InvalidRegionException"
                },
                {
                    "target": "com.amazonaws.marketplacemetering#PlatformNotSupportedException"
                },
                {
                    "target": "com.amazonaws.marketplacemetering#ThrottlingException"
                }
            ],
            "traits": {
                "smithy.api#documentation": "<p>Paid container software products sold through AWS Marketplace must integrate with the\n            AWS Marketplace Metering Service and call the <code>RegisterUsage</code> operation for\n            software entitlement and metering. Free and BYOL products for Amazon ECS or Amazon EKS\n            aren't required to call <code>RegisterUsage</code>, but you may choose to do so if you\n            would like to receive usage data in your seller reports. The sections below explain the\n            behavior of <code>RegisterUsage</code>. <code>RegisterUsage</code> performs two primary\n            functions: metering and entitlement.</p>\n        <ul>\n            <li>\n                <p>\n                    <i>Entitlement</i>: <code>RegisterUsage</code> allows you to\n                    verify that the customer running your paid software is subscribed to your\n                    product on AWS Marketplace, enabling you to guard against unauthorized use. Your\n                    container image that integrates with <code>RegisterUsage</code> is only required\n                    to guard against unauthorized use at container startup, as such a\n                        <code>CustomerNotSubscribedException</code> or\n                        <code>PlatformNotSupportedException</code> will only be thrown on the\n                    initial call to <code>RegisterUsage</code>. Subsequent calls from the same\n                    Amazon ECS task instance (e.g. task-id) or Amazon EKS pod will not throw a\n                        <code>CustomerNotSubscribedException</code>, even if the customer\n                    unsubscribes while the Amazon ECS task or Amazon EKS pod is still\n                    running.</p>\n            </li>\n            <li>\n                <p>\n                    <i>Metering</i>: <code>RegisterUsage</code> meters software use\n                    per ECS task, per hour, or per pod for Amazon EKS with usage prorated to the\n                    second. A minimum of 1 minute of usage applies to tasks that are short lived.\n                    For example, if a customer has a 10 node Amazon ECS or Amazon EKS cluster and a\n                    service configured as a Daemon Set, then Amazon ECS or Amazon EKS will launch a\n                    task on all 10 cluster nodes and the customer will be charged: (10 *\n                    hourly_rate). Metering for software use is automatically handled by the AWS\n                    Marketplace Metering Control Plane -- your software is not required to perform\n                    any metering specific actions, other than call <code>RegisterUsage</code> once\n                    for metering of software use to commence. The AWS Marketplace Metering Control\n                    Plane will also continue to bill customers for running ECS tasks and Amazon EKS\n                    pods, regardless of the customers subscription state, removing the need for your\n                    software to perform entitlement checks at runtime.</p>\n            </li>\n         </ul>"
            }
        },
        "com.amazonaws.marketplacemetering#RegisterUsageRequest": {
            "type": "structure",
            "members": {
                "ProductCode": {
                    "target": "com.amazonaws.marketplacemetering#ProductCode",
                    "traits": {
                        "smithy.api#documentation": "<p>Product code is used to uniquely identify a product in AWS Marketplace. The product\n            code should be the same as the one used during the publishing of a new product.</p>",
                        "smithy.api#required": {}
                    }
                },
                "PublicKeyVersion": {
                    "target": "com.amazonaws.marketplacemetering#VersionInteger",
                    "traits": {
                        "smithy.api#documentation": "<p>Public Key Version provided by AWS Marketplace</p>",
                        "smithy.api#required": {}
                    }
                },
                "Nonce": {
                    "target": "com.amazonaws.marketplacemetering#Nonce",
                    "traits": {
                        "smithy.api#documentation": "<p>(Optional) To scope down the registration to a specific running software instance and\n            guard against replay attacks.</p>"
                    }
                }
            }
        },
        "com.amazonaws.marketplacemetering#RegisterUsageResult": {
            "type": "structure",
            "members": {
                "PublicKeyRotationTimestamp": {
                    "target": "com.amazonaws.marketplacemetering#Timestamp",
                    "traits": {
                        "smithy.api#documentation": "<p>(Optional) Only included when public key version has expired</p>"
                    }
                },
                "Signature": {
                    "target": "com.amazonaws.marketplacemetering#NonEmptyString",
                    "traits": {
                        "smithy.api#documentation": "<p>JWT Token</p>"
                    }
                }
            }
        },
        "com.amazonaws.marketplacemetering#ResolveCustomer": {
            "type": "operation",
            "input": {
                "target": "com.amazonaws.marketplacemetering#ResolveCustomerRequest"
            },
            "output": {
                "target": "com.amazonaws.marketplacemetering#ResolveCustomerResult"
            },
            "errors": [
                {
                    "target": "com.amazonaws.marketplacemetering#DisabledApiException"
                },
                {
                    "target": "com.amazonaws.marketplacemetering#ExpiredTokenException"
                },
                {
                    "target": "com.amazonaws.marketplacemetering#InternalServiceErrorException"
                },
                {
                    "target": "com.amazonaws.marketplacemetering#InvalidTokenException"
                },
                {
                    "target": "com.amazonaws.marketplacemetering#ThrottlingException"
                }
            ],
            "traits": {
                "smithy.api#documentation": "<p>\n            <code>ResolveCustomer</code> is called by a SaaS application during the registration\n            process. When a buyer visits your website during the registration process, the buyer\n            submits a registration token through their browser. The registration token is resolved\n            through this API to obtain a <code>CustomerIdentifier</code>\n             along with the\n                <code>CustomerAWSAccountId</code> and\n            <code>ProductCode</code>.</p>\n        <note>\n            <p>The API needs to called from the seller account id used to publish the SaaS\n                application to successfully resolve the token.</p>\n            <p>For an example of using <code>ResolveCustomer</code>, see <a href=\"https://docs.aws.amazon.com/marketplace/latest/userguide/saas-code-examples.html#saas-resolvecustomer-example\"> ResolveCustomer code example</a> in the <i>AWS Marketplace Seller\n                    Guide</i>.</p>\n        </note>"
            }
        },
        "com.amazonaws.marketplacemetering#ResolveCustomerRequest": {
            "type": "structure",
            "members": {
                "RegistrationToken": {
                    "target": "com.amazonaws.marketplacemetering#NonEmptyString",
                    "traits": {
                        "smithy.api#documentation": "<p>When a buyer visits your website during the registration process, the buyer submits a\n            registration token through the browser. The registration token is resolved to obtain a\n                <code>CustomerIdentifier</code>\n            along with the\n                <code>CustomerAWSAccountId</code>\n            and\n                <code>ProductCode</code>.</p>",
                        "smithy.api#required": {}
                    }
                }
            },
            "traits": {
                "smithy.api#documentation": "<p>Contains input to the <code>ResolveCustomer</code> operation.</p>"
            }
        },
        "com.amazonaws.marketplacemetering#ResolveCustomerResult": {
            "type": "structure",
            "members": {
                "CustomerIdentifier": {
                    "target": "com.amazonaws.marketplacemetering#CustomerIdentifier",
                    "traits": {
                        "smithy.api#documentation": "<p>The <code>CustomerIdentifier</code> is used to identify an individual customer in your\n            application. Calls to <code>BatchMeterUsage</code> require\n                <code>CustomerIdentifiers</code> for each <code>UsageRecord</code>.</p>"
                    }
                },
                "ProductCode": {
                    "target": "com.amazonaws.marketplacemetering#ProductCode",
                    "traits": {
                        "smithy.api#documentation": "<p>The product code is returned to confirm that the buyer is registering for your\n            product. Subsequent <code>BatchMeterUsage</code> calls should be made using this product\n            code.</p>"
                    }
                },
                "CustomerAWSAccountId": {
                    "target": "com.amazonaws.marketplacemetering#CustomerAWSAccountId",
                    "traits": {
                        "smithy.api#documentation": "<p>The <code>CustomerAWSAccountId</code> provides the AWS account ID associated with the\n                <code>CustomerIdentifier</code> for the individual customer.</p>"
                    }
                }
            },
            "traits": {
                "smithy.api#documentation": "<p>The result of the <code>ResolveCustomer</code> operation. Contains the\n                <code>CustomerIdentifier</code>\n            \n            along with the <code>CustomerAWSAccountId</code> and\n            <code>ProductCode</code>.</p>"
            }
        },
        "com.amazonaws.marketplacemetering#String": {
            "type": "string"
        },
        "com.amazonaws.marketplacemetering#Tag": {
            "type": "structure",
            "members": {
                "Key": {
                    "target": "com.amazonaws.marketplacemetering#TagKey",
                    "traits": {
                        "smithy.api#documentation": "<p>One part of a key-value pair that makes up a <code>tag</code>. A <code>key</code> is a\n            label that acts like a category for the specific tag values.</p>",
                        "smithy.api#required": {}
                    }
                },
                "Value": {
                    "target": "com.amazonaws.marketplacemetering#TagValue",
                    "traits": {
                        "smithy.api#documentation": "<p>One part of a key-value pair that makes up a <code>tag</code>. A <code>value</code>\n            acts as a descriptor within a tag category (key). The value can be empty or null.</p>",
                        "smithy.api#required": {}
                    }
                }
            },
            "traits": {
                "smithy.api#documentation": "<p>Metadata assigned to an allocation. Each tag is made up of a <code>key</code> and a\n                <code>value</code>.</p>"
            }
        },
        "com.amazonaws.marketplacemetering#TagKey": {
            "type": "string",
            "traits": {
                "smithy.api#length": {
                    "min": 1,
                    "max": 100
                },
                "smithy.api#pattern": "^[a-zA-Z0-9+ -=._:\\/@]+$"
            }
        },
        "com.amazonaws.marketplacemetering#TagList": {
            "type": "list",
            "member": {
                "target": "com.amazonaws.marketplacemetering#Tag"
            },
            "traits": {
                "smithy.api#length": {
                    "min": 1,
                    "max": 5
                }
            }
        },
        "com.amazonaws.marketplacemetering#TagValue": {
            "type": "string",
            "traits": {
                "smithy.api#length": {
                    "min": 1,
                    "max": 256
                },
                "smithy.api#pattern": "^[a-zA-Z0-9+ -=._:\\/@]+$"
            }
        },
        "com.amazonaws.marketplacemetering#ThrottlingException": {
            "type": "structure",
            "members": {
                "message": {
                    "target": "com.amazonaws.marketplacemetering#errorMessage"
                }
            },
            "traits": {
                "smithy.api#documentation": "<p>The calls to the API are throttled.</p>",
                "smithy.api#error": "client"
            }
        },
        "com.amazonaws.marketplacemetering#Timestamp": {
            "type": "timestamp"
        },
        "com.amazonaws.marketplacemetering#TimestampOutOfBoundsException": {
            "type": "structure",
            "members": {
                "message": {
                    "target": "com.amazonaws.marketplacemetering#errorMessage"
                }
            },
            "traits": {
                "smithy.api#documentation": "<p>The <code>timestamp</code> value passed in the <code>UsageRecord</code> is out of\n            allowed range.</p>\n        <p>For <code>BatchMeterUsage</code>, if any of the records are outside of the allowed\n            range, the entire batch is not processed. You must remove invalid records and try\n            again.</p>",
                "smithy.api#error": "client"
            }
        },
        "com.amazonaws.marketplacemetering#UsageAllocation": {
            "type": "structure",
            "members": {
                "AllocatedUsageQuantity": {
                    "target": "com.amazonaws.marketplacemetering#AllocatedUsageQuantity",
                    "traits": {
                        "smithy.api#documentation": "<p>The total quantity allocated to this bucket of usage.</p>",
                        "smithy.api#required": {}
                    }
                },
                "Tags": {
                    "target": "com.amazonaws.marketplacemetering#TagList",
                    "traits": {
                        "smithy.api#documentation": "<p>The set of tags that define the bucket of usage. For the bucket of items with no tags,\n            this parameter can be left out.</p>"
                    }
                }
            },
            "traits": {
                "smithy.api#documentation": "<p>Usage allocations allow you to split usage into buckets by tags.</p>\n        <p>Each <code>UsageAllocation</code> indicates the usage quantity for a specific set of\n            tags.</p>"
            }
        },
        "com.amazonaws.marketplacemetering#UsageAllocations": {
            "type": "list",
            "member": {
                "target": "com.amazonaws.marketplacemetering#UsageAllocation"
            },
            "traits": {
                "smithy.api#length": {
                    "min": 1,
                    "max": 2500
                }
            }
        },
        "com.amazonaws.marketplacemetering#UsageDimension": {
            "type": "string",
            "traits": {
                "smithy.api#length": {
                    "min": 1,
                    "max": 255
                },
                "smithy.api#pattern": "^[\\s\\S]+$"
            }
        },
        "com.amazonaws.marketplacemetering#UsageQuantity": {
            "type": "integer",
            "traits": {
                "smithy.api#box": {},
                "smithy.api#range": {
                    "min": 0,
                    "max": 2147483647
                }
            }
        },
        "com.amazonaws.marketplacemetering#UsageRecord": {
            "type": "structure",
            "members": {
                "Timestamp": {
                    "target": "com.amazonaws.marketplacemetering#Timestamp",
                    "traits": {
                        "smithy.api#documentation": "<p>Timestamp, in UTC, for which the usage is being reported.</p>\n        <p>Your application can meter usage for up to one hour in the past. Make sure the\n                <code>timestamp</code> value is not before the start of the software usage.</p>",
                        "smithy.api#required": {}
                    }
                },
                "CustomerIdentifier": {
                    "target": "com.amazonaws.marketplacemetering#CustomerIdentifier",
                    "traits": {
                        "smithy.api#documentation": "<p>The <code>CustomerIdentifier</code> is obtained through the\n                <code>ResolveCustomer</code> operation and represents an individual buyer in your\n            application.</p>",
                        "smithy.api#required": {}
                    }
                },
                "Dimension": {
                    "target": "com.amazonaws.marketplacemetering#UsageDimension",
                    "traits": {
                        "smithy.api#documentation": "<p>During the process of registering a product on AWS Marketplace, dimensions are\n            specified. These represent different units of value in your application.</p>",
                        "smithy.api#required": {}
                    }
                },
                "Quantity": {
                    "target": "com.amazonaws.marketplacemetering#UsageQuantity",
                    "traits": {
                        "smithy.api#documentation": "<p>The quantity of usage consumed by the customer for the given dimension and time.\n            Defaults to <code>0</code> if not specified.</p>"
                    }
                },
                "UsageAllocations": {
                    "target": "com.amazonaws.marketplacemetering#UsageAllocations",
                    "traits": {
                        "smithy.api#documentation": "<p>The set of <code>UsageAllocations</code> to submit. The sum of all\n                <code>UsageAllocation</code> quantities must equal the Quantity of the\n                <code>UsageRecord</code>.</p>"
                    }
                }
            },
            "traits": {
                "smithy.api#documentation": "<p>A <code>UsageRecord</code> indicates a quantity of usage for a given product,\n            customer, dimension and time.</p>\n        <p>Multiple requests with the same <code>UsageRecords</code> as input will be\n            de-duplicated to prevent double charges.</p>"
            }
        },
        "com.amazonaws.marketplacemetering#UsageRecordList": {
            "type": "list",
            "member": {
                "target": "com.amazonaws.marketplacemetering#UsageRecord"
            },
            "traits": {
                "smithy.api#length": {
                    "min": 0,
                    "max": 25
                }
            }
        },
        "com.amazonaws.marketplacemetering#UsageRecordResult": {
            "type": "structure",
            "members": {
                "UsageRecord": {
                    "target": "com.amazonaws.marketplacemetering#UsageRecord",
                    "traits": {
                        "smithy.api#documentation": "<p>The <code>UsageRecord</code> that was part of the <code>BatchMeterUsage</code>\n            request.</p>"
                    }
                },
                "MeteringRecordId": {
                    "target": "com.amazonaws.marketplacemetering#String",
                    "traits": {
                        "smithy.api#documentation": "<p>The <code>MeteringRecordId</code> is a unique identifier for this metering\n            event.</p>"
                    }
                },
                "Status": {
                    "target": "com.amazonaws.marketplacemetering#UsageRecordResultStatus",
                    "traits": {
                        "smithy.api#documentation": "<p>The <code>UsageRecordResult</code>\n            <code>Status</code> indicates the status of an individual <code>UsageRecord</code>\n            processed by <code>BatchMeterUsage</code>.</p>\n        <ul>\n            <li>\n                <p>\n                    <i>Success</i>- The <code>UsageRecord</code> was accepted and\n                    honored by <code>BatchMeterUsage</code>.</p>\n            </li>\n            <li>\n                <p>\n                    <i>CustomerNotSubscribed</i>- The <code>CustomerIdentifier</code>\n                    specified is not able to use your product. The <code>UsageRecord</code> was not\n                    honored. There are three causes for this result:</p>\n                <ul>\n                  <li>\n                        <p>The customer identifier is invalid.</p>\n                    </li>\n                  <li>\n                        <p>The customer identifier provided in the metering record does not have\n                            an active agreement or subscription with this product. Future\n                                <code>UsageRecords</code> for this customer will fail until the\n                            customer subscribes to your product.</p>\n                    </li>\n                  <li>\n                        <p>The customer's AWS account was suspended.</p>\n                    </li>\n               </ul>\n            </li>\n            <li>\n                <p>\n                    <i>DuplicateRecord</i>- Indicates that the\n                        <code>UsageRecord</code> was invalid and not honored. A previously metered\n                        <code>UsageRecord</code> had the same customer, dimension, and time, but a\n                    different quantity.</p>\n            </li>\n         </ul>"
                    }
                }
            },
            "traits": {
                "smithy.api#documentation": "<p>A <code>UsageRecordResult</code> indicates the status of a given\n                <code>UsageRecord</code> processed by <code>BatchMeterUsage</code>.</p>"
            }
        },
        "com.amazonaws.marketplacemetering#UsageRecordResultList": {
            "type": "list",
            "member": {
                "target": "com.amazonaws.marketplacemetering#UsageRecordResult"
            }
        },
        "com.amazonaws.marketplacemetering#UsageRecordResultStatus": {
            "type": "string",
            "traits": {
                "smithy.api#enum": [
                    {
                        "value": "Success",
                        "name": "SUCCESS"
                    },
                    {
                        "value": "CustomerNotSubscribed",
                        "name": "CUSTOMER_NOT_SUBSCRIBED"
                    },
                    {
                        "value": "DuplicateRecord",
                        "name": "DUPLICATE_RECORD"
                    }
                ]
            }
        },
        "com.amazonaws.marketplacemetering#VersionInteger": {
            "type": "integer",
            "traits": {
                "smithy.api#box": {},
                "smithy.api#range": {
                    "min": 1
                }
            }
        },
        "com.amazonaws.marketplacemetering#errorMessage": {
            "type": "string"
        }
    }
}
